Type,Name,Request Count,Failure Count,Median Response Time,Average Response Time,Min Response Time,Max Response Time,Average Content Size,Requests/s,Failures/s,50%,66%,75%,80%,90%,95%,98%,99%,99.9%,99.99%,99.999%,100%
GET,home,90,0,13,15.001127454969618,8.278131484985352,53.212881088256836,17368.0,0.9168979921904297,0.0,13,15,16,19,21,24,32,53,53,53,53,53
POST,search_ticket,224,0,31,31.525390488760813,25.209665298461914,49.92198944091797,38.0,2.2820572250072915,0.0,31,32,34,35,37,39,42,43,50,50,50,50
,Aggregated,314,0,29,26.78913675296079,8.278131484985352,53.212881088256836,5005.197452229299,3.1989552171977214,0.0,29,31,32,33,36,38,41,43,53,53,53,53
