spa,ndistance,slope
Application Hiccups,1.7414173883217,130.421782530812
Continuous Violated Requirements,1.08488269720542,0
 Traffic Jam,1.7185238751313,260.843565061625
The Stifle,1.60026713638901,80.5381720000002
Expensive Database Call,1.59287913250181,334.511603232873
Empty Semi-trucks,1.47076129055117,40.5460802214287
The Blob,1.51625665501841,85.6745534364045