Slope,ndistance
260.843565061625,0.768753025609269
260.843565061625,0.915172234537743
260.843565061625,1.07938990008163
260.843565061625,1.26486135712892
260.843565061625,1.4759982345869
260.843565061625,1.7185238751313