Slope,ndistance
130.421782530812,1.5995160284964
130.421782530812,1.60811808813584
130.421782530812,1.62034993534081
130.421782530812,1.63912339473351
130.421782530812,1.67160158879334
130.421782530812,1.7414173883217