Slope,ndistance
334.511603232873,0.584632387424546
334.511603232873,0.712203060082181
334.511603232873,0.865575848967979
334.511603232873,1.05345945870917
334.511603232873,1.28897855534329
334.511603232873,1.59287913250181